Workbook

Sheet Basic_견적서
A1: 온실용 이동로봇 견적서 (Basic)
A2: 작성일: 2026년 01월 24일
A3: 온실 내 골 이동 및 식물 동영상 촬영용 이동 로봇
A5: No | B5: 카테고리 | C5: 품목 | D5: 사양 | E5: 수량 | F5: 금액(원)
A6: 1 | B6: 프레임 | C6: 알루미늄 프로파일 프레임 | D6: 4040 알루미늄 프로파일, 800x600x400mm | E6: 1 | F6: 2100000
A7: 2 | C7: 프레임 연결부품 세트 | D7: 브라켓, 볼트, 너트 일체 | E7: 1 | F7: 450000
A8: 3 | C8: 상판 플레이트 | D8: 알루미늄 5T, 가공 포함 | E8: 1 | F8: 550000
A9: 4 | B9: 바퀴 | C9: 인휠 기반 허브 모터 드라이버 | D9: 하중 50kg/개 | E9: 4 | F9: 1400000
A10: 5 | C10: 휠 허브 어댑터 | D10: 축 결합용 | E10: 4 | F10: 250000
A11: 6 | B11: 제어 컨트롤 박스 | C11: ESP32-S3 메인 컨트롤러 | D11: ESP32-S3-WROOM-1, 듀얼코어 | E11: 1 | F11: 80000
A12: 7 | C12: RS485 서보 드라이버 | D12: Lichuan DS_R 485 서보 드라이버 | E12: 4 | F12: 2800000
A13: 8
A14: 9 | C14: RS485 통신 모듈 | D14: MAX485 기반 통신 모듈 | E14: 2 | F14: 50000
A15: 10 | C15: 컨트롤 박스 인클로저 | D15: IP65 방수 박스, 300x200x150mm | E15: 1 | F15: 250000
A16: 11 | C16: 배선 및 커넥터 | D16: 전원/통신 케이블, 커넥터 일체 | E16: 1 | F16: 350000
A17: 12 | C17: 비상정지 스위치 | D17: 비상정지 버튼 및 리셋 스위치 | E17: 1 | F17: 80000
A18: 13 | B18: 배터리 및 충전기 | C18: 리튬이온 배터리 팩 | D18: 48V 20Ah 리튬이온 배터리 | E18: 1 | F18: 1026364
A19: 14 | C19: 스마트 충전기 | D19: 48V 5A 스마트 충전기 | E19: 1 | F19: 300000
A20: 15 | C20: BMS (배터리 관리 시스템) | D20: 48V BMS, 과충전/과방전 보호 | E20: 1 | F20: 200000
A21: 16 | C21: 전원 분배 보드 | D21: DC-DC 컨버터 포함 | E21: 1 | F21: 150000
A22: 소계 | F22: =SUM(F6:F21) -> 10036364
A23: 부가세 (10%) | F23: =F22*0.1 -> 1003636.4
A24: 합계 | F24: =F22+F23 -> 11040000
A26: 비고
A27: 1. 상기 금액은 부가세 포함 금액입니다.
A28: 2. 납품 기간: 발주 후 4~6주 소요
A29: 3. 유효 기간: 견적일로부터 30일
A30: 4. 결제 조건: 계약금 50%, 납품 후 잔금 50%

Sheet Smart_견적서
A1: 온실용 이동로봇 견적서 (Smart)
A2: 작성일: 2026년 01월 24일
A3: 온실 내 골 이동 및 식물 동영상 촬영용 이동 로봇
A5: No | B5: 카테고리 | C5: 품목 | D5: 사양 | E5: 수량 | F5: 금액(원)
A6: 1 | B6: 프레임 | C6: =[1]Basic_견적서!C6 -> 알루미늄 프로파일 프레임 | D6: =[1]Basic_견적서!D6 -> 4040 알루미늄 프로파일, 800x600x400mm | E6: =[1]Basic_견적서!E6 -> 1 | F6: =[1]Basic_견적서!F6 -> 2100000
A7: 2 | C7: =[1]Basic_견적서!C7 -> 프레임 연결부품 세트 | D7: =[1]Basic_견적서!D7 -> 브라켓, 볼트, 너트 일체 | E7: =[1]Basic_견적서!E7 -> 1 | F7: =[1]Basic_견적서!F7 -> 450000
A8: 3 | C8: =[1]Basic_견적서!C8 -> 상판 플레이트 | D8: =[1]Basic_견적서!D8 -> 알루미늄 5T, 가공 포함 | E8: =[1]Basic_견적서!E8 -> 1 | F8: =[1]Basic_견적서!F8 -> 550000
A9: 4 | C9: 센서 마운트 브라켓 | D9: 라이다/카메라 장착용 브라켓 | E9: 1 | F9: 200000
A10: 5 | B10: 바퀴 | C10: =[1]Basic_견적서!C9 -> 메카넘휠 | D10: =Basic_견적서!D9 -> 하중 50kg/개 | E10: =[1]Basic_견적서!E9 -> 4 | F10: =[1]Basic_견적서!F9 -> 1400000
A11: 6 | C11: =[1]Basic_견적서!C10 -> 휠 허브 어댑터 | D11: =[1]Basic_견적서!D10 -> 서보모터 축 결합용 | E11: =[1]Basic_견적서!E10 -> 4 | F11: =[1]Basic_견적서!F10 -> 250000
A12: 7 | B12: 제어 컨트롤 박스 | C12: =Basic_견적서!C11 -> ESP32-S3 메인 컨트롤러 | D12: =Basic_견적서!D11 -> ESP32-S3-WROOM-1, 듀얼코어 | E12: =[1]Basic_견적서!E11 -> 1 | F12: =[1]Basic_견적서!F11 -> 80000
A13: 8 | C13: =Basic_견적서!C12 -> RS485 서보 드라이버 | D13: =Basic_견적서!D12 -> Lichuan DS_R 485 서보 드라이버 | E13: =[1]Basic_견적서!E12 -> 4 | F13: =[1]Basic_견적서!F12 -> 2800000
A14: 9 | C14: =Basic_견적서!C13 -> 0 | D14: =Basic_견적서!D13 -> 0 | E14: =[1]Basic_견적서!E13 -> 4 | F14: =[1]Basic_견적서!F13 -> 3600000
A15: 10 | C15: =Basic_견적서!C14 -> RS485 통신 모듈 | D15: =Basic_견적서!D14 -> MAX485 기반 통신 모듈 | E15: =[1]Basic_견적서!E14 -> 2 | F15: =[1]Basic_견적서!F14 -> 50000
A16: 11 | C16: =Basic_견적서!C15 -> 컨트롤 박스 인클로저 | D16: =Basic_견적서!D15 -> IP65 방수 박스, 300x200x150mm | E16: =[1]Basic_견적서!E15 -> 1 | F16: =[1]Basic_견적서!F15 -> 250000
A17: 12 | C17: =Basic_견적서!C16 -> 배선 및 커넥터 | D17: =Basic_견적서!D16 -> 전원/통신 케이블, 커넥터 일체 | E17: =[1]Basic_견적서!E16 -> 1 | F17: =[1]Basic_견적서!F16 -> 350000
A18: 13 | C18: =Basic_견적서!C17 -> 비상정지 스위치 | D18: =Basic_견적서!D17 -> 비상정지 버튼 및 리셋 스위치 | E18: =[1]Basic_견적서!E17 -> 1 | F18: =[1]Basic_견적서!F17 -> 80000
A19: 14 | B19: 배터리 및 충전기 | C19: =Basic_견적서!C18 -> 리튬이온 배터리 팩 | D19: =Basic_견적서!D18 -> 48V 20Ah 리튬이온 배터리 | E19: 1 | F19: 1800000
A20: 15 | C20: =Basic_견적서!C19 -> 스마트 충전기 | D20: =Basic_견적서!D19 -> 48V 5A 스마트 충전기 | E20: 1 | F20: 450000
A21: 16 | C21: =Basic_견적서!C20 -> BMS (배터리 관리 시스템) | D21: =Basic_견적서!D20 -> 48V BMS, 과충전/과방전 보호 | E21: 1 | F21: 250000
A22: 17 | C22: =Basic_견적서!C21 -> 전원 분배 보드 | D22: =Basic_견적서!D21 -> DC-DC 컨버터 포함 | E22: 1 | F22: 221818
A23: 18 | B23: 자율주행 센서 | C23: 2D 라이다 센서 | D23: RPLiDAR A1M8 또는 동급, 360° 스캔 | E23: 1 | F23: 650000
A24: 19 | C24: Depth 카메라 | E24: 1 | F24: 400000
A25: 20 | C25: IMU 센서 | D25: MPU9250 9축 IMU | E25: 1 | F25: 50000
A26: 21 | B26: 스마트 컨트롤러 | C26: NVIDIA Jetson Nano | D26: Jetson Nano 4GB Developer Kit | E26: 1 | F26: 2000000
A27: 22 | C27: Jetson 쿨링 팬 | D27: Noctua 40mm 저소음 팬 | E27: 1 | F27: 50000
A28: 23 | C28: ssd | D28: 128GB,M.2 | E28: 1 | F28: 50000
A29: 24 | C29: WiFi/BT 모듈 | E29: 1 | F29: 100000
A30: 소계 | F30: =SUM(F6:F29) -> 18181818
A31: 부가세 (10%) | F31: =F30*0.1 -> 1818181.8
A32: 합계 | F32: =F30+F31 -> 20000000
A34: 비고
A35: 1. 상기 금액은 부가세 포함 금액입니다.
A36: 2. 납품 기간: 발주 후 4~6주 소요
A37: 3. 유효 기간: 견적일로부터 30일
A38: 4. 결제 조건: 계약금 50%, 납품 후 잔금 50%
